<?xml version="1.0" encoding="UTF-8"?><idempiere Name="AD_ImpFormat" Version="1.0.0" idempiereVersion="7.1.0.latest" DataBaseVersion="2019-11-22" Description="" Author="SuperUser" AuthorEmail="superuser @ idempiere.com" CreatedDate="Sun Feb 09 06:25:39 UTC 2020" UpdatedDate="Sun Feb 09 06:25:39 UTC 2020" PackOutVersion="100" UpdateDictionary="true" Client="0-SYSTEM-System" AD_Client_UU="11237b53-9592-4af1-b3c5-afd216514b5d">
    <AD_ImpFormat type="table">
        <AD_ImpFormat_ID>200001</AD_ImpFormat_ID>
        <AD_Client_ID>0</AD_Client_ID>
        <AD_Org_ID>0</AD_Org_ID>
        <AD_ImpFormat_ID>200001</AD_ImpFormat_ID>
        <IsActive>Y</IsActive>
        <Name>Import Budget</Name>
        <Description/>
        <FormatType>C</FormatType>
        <AD_Table_ID reference="id">200139</AD_Table_ID>
        <Processing>N</Processing>
        <SeparatorChar/>
        <AD_ImpFormat_UU>5e8feaaf-8c62-4cbf-a3f1-d222b2365ce6</AD_ImpFormat_UU>
        <AD_ImpFormat_Row type="table">
            <AD_ImpFormat_Row_ID>200008</AD_ImpFormat_Row_ID>
            <AD_Client_ID>0</AD_Client_ID>
            <AD_Org_ID>0</AD_Org_ID>
            <AD_ImpFormat_Row_ID>200008</AD_ImpFormat_Row_ID>
            <IsActive>Y</IsActive>
            <Name>Org</Name>
            <AD_ImpFormat_ID reference="id">200001</AD_ImpFormat_ID>
            <SeqNo>10</SeqNo>
            <StartNo>1</StartNo>
            <EndNo>0</EndNo>
            <DataType>S</DataType>
            <DataFormat/>
            <DecimalPoint>.</DecimalPoint>
            <DivideBy100>N</DivideBy100>
            <AD_Column_ID reference="id">211469</AD_Column_ID>
            <Callout/>
            <ConstantValue/>
            <Script/>
            <AD_ImpFormat_Row_UU>58b16ba3-a38e-42b1-af40-fd9dea9c09a9</AD_ImpFormat_Row_UU>
        </AD_ImpFormat_Row>
        <AD_ImpFormat_Row type="table">
            <AD_ImpFormat_Row_ID>200009</AD_ImpFormat_Row_ID>
            <AD_Client_ID>0</AD_Client_ID>
            <AD_Org_ID>0</AD_Org_ID>
            <AD_ImpFormat_Row_ID>200009</AD_ImpFormat_Row_ID>
            <IsActive>Y</IsActive>
            <Name>Sales</Name>
            <AD_ImpFormat_ID reference="id">200001</AD_ImpFormat_ID>
            <SeqNo>20</SeqNo>
            <StartNo>2</StartNo>
            <EndNo>0</EndNo>
            <DataType>S</DataType>
            <DataFormat/>
            <DecimalPoint>.</DecimalPoint>
            <DivideBy100>N</DivideBy100>
            <AD_Column_ID reference="id">211463</AD_Column_ID>
            <Callout/>
            <ConstantValue/>
            <Script/>
            <AD_ImpFormat_Row_UU>f59a7a9c-db8a-4787-9011-5f144a09b5b1</AD_ImpFormat_Row_UU>
        </AD_ImpFormat_Row>
        <AD_ImpFormat_Row type="table">
            <AD_ImpFormat_Row_ID>200010</AD_ImpFormat_Row_ID>
            <AD_Client_ID>0</AD_Client_ID>
            <AD_Org_ID>0</AD_Org_ID>
            <AD_ImpFormat_Row_ID>200010</AD_ImpFormat_Row_ID>
            <IsActive>Y</IsActive>
            <Name>Account</Name>
            <AD_ImpFormat_ID reference="id">200001</AD_ImpFormat_ID>
            <SeqNo>30</SeqNo>
            <StartNo>3</StartNo>
            <EndNo>0</EndNo>
            <DataType>S</DataType>
            <DataFormat/>
            <DecimalPoint>.</DecimalPoint>
            <DivideBy100>N</DivideBy100>
            <AD_Column_ID reference="id">211464</AD_Column_ID>
            <Callout/>
            <ConstantValue/>
            <Script/>
            <AD_ImpFormat_Row_UU>0900370a-6c31-4043-868a-3ed853131a2c</AD_ImpFormat_Row_UU>
        </AD_ImpFormat_Row>
        <AD_ImpFormat_Row type="table">
            <AD_ImpFormat_Row_ID>200011</AD_ImpFormat_Row_ID>
            <AD_Client_ID>0</AD_Client_ID>
            <AD_Org_ID>0</AD_Org_ID>
            <AD_ImpFormat_Row_ID>200011</AD_ImpFormat_Row_ID>
            <IsActive>Y</IsActive>
            <Name>PercentageBase</Name>
            <AD_ImpFormat_ID reference="id">200001</AD_ImpFormat_ID>
            <SeqNo>40</SeqNo>
            <StartNo>4</StartNo>
            <EndNo>0</EndNo>
            <DataType>S</DataType>
            <DataFormat/>
            <DecimalPoint>.</DecimalPoint>
            <DivideBy100>N</DivideBy100>
            <AD_Column_ID reference="id">211465</AD_Column_ID>
            <Callout/>
            <ConstantValue/>
            <Script/>
            <AD_ImpFormat_Row_UU>eff24515-5e85-4531-91f0-9ce8dd55610f</AD_ImpFormat_Row_UU>
        </AD_ImpFormat_Row>
        <AD_ImpFormat_Row type="table">
            <AD_ImpFormat_Row_ID>200012</AD_ImpFormat_Row_ID>
            <AD_Client_ID>0</AD_Client_ID>
            <AD_Org_ID>0</AD_Org_ID>
            <AD_ImpFormat_Row_ID>200012</AD_ImpFormat_Row_ID>
            <IsActive>Y</IsActive>
            <Name>CreditAmt</Name>
            <AD_ImpFormat_ID reference="id">200001</AD_ImpFormat_ID>
            <SeqNo>50</SeqNo>
            <StartNo>5</StartNo>
            <EndNo>0</EndNo>
            <DataType>N</DataType>
            <DataFormat/>
            <DecimalPoint>.</DecimalPoint>
            <DivideBy100>N</DivideBy100>
            <AD_Column_ID reference="id">211466</AD_Column_ID>
            <Callout/>
            <ConstantValue/>
            <Script/>
            <AD_ImpFormat_Row_UU>2aa87067-7aed-40bf-a71d-ac18bcb3de25</AD_ImpFormat_Row_UU>
        </AD_ImpFormat_Row>
        <AD_ImpFormat_Row type="table">
            <AD_ImpFormat_Row_ID>200013</AD_ImpFormat_Row_ID>
            <AD_Client_ID>0</AD_Client_ID>
            <AD_Org_ID>0</AD_Org_ID>
            <AD_ImpFormat_Row_ID>200013</AD_ImpFormat_Row_ID>
            <IsActive>Y</IsActive>
            <Name>DebitAmt</Name>
            <AD_ImpFormat_ID reference="id">200001</AD_ImpFormat_ID>
            <SeqNo>60</SeqNo>
            <StartNo>6</StartNo>
            <EndNo>0</EndNo>
            <DataType>N</DataType>
            <DataFormat/>
            <DecimalPoint>.</DecimalPoint>
            <DivideBy100>N</DivideBy100>
            <AD_Column_ID reference="id">211467</AD_Column_ID>
            <Callout/>
            <ConstantValue/>
            <Script/>
            <AD_ImpFormat_Row_UU>b06c1cf1-4dd4-428c-b533-bab1918bb9e4</AD_ImpFormat_Row_UU>
        </AD_ImpFormat_Row>
        <AD_ImpFormat_Row type="table">
            <AD_ImpFormat_Row_ID>200014</AD_ImpFormat_Row_ID>
            <AD_Client_ID>0</AD_Client_ID>
            <AD_Org_ID>0</AD_Org_ID>
            <AD_ImpFormat_Row_ID>200014</AD_ImpFormat_Row_ID>
            <IsActive>Y</IsActive>
            <Name>Percent</Name>
            <AD_ImpFormat_ID reference="id">200001</AD_ImpFormat_ID>
            <SeqNo>70</SeqNo>
            <StartNo>7</StartNo>
            <EndNo>0</EndNo>
            <DataType>N</DataType>
            <DataFormat/>
            <DecimalPoint>.</DecimalPoint>
            <DivideBy100>N</DivideBy100>
            <AD_Column_ID reference="id">211468</AD_Column_ID>
            <Callout/>
            <ConstantValue/>
            <Script/>
            <AD_ImpFormat_Row_UU>b8e2a313-3472-4169-bfbc-bb6b34d115b1</AD_ImpFormat_Row_UU>
        </AD_ImpFormat_Row>
        <AD_ImpFormat_Row type="table">
            <AD_ImpFormat_Row_ID>200015</AD_ImpFormat_Row_ID>
            <AD_Client_ID>0</AD_Client_ID>
            <AD_Org_ID>0</AD_Org_ID>
            <AD_ImpFormat_Row_ID>200015</AD_ImpFormat_Row_ID>
            <IsActive>Y</IsActive>
            <Name>BPartner</Name>
            <AD_ImpFormat_ID reference="id">200001</AD_ImpFormat_ID>
            <SeqNo>80</SeqNo>
            <StartNo>8</StartNo>
            <EndNo>0</EndNo>
            <DataType>S</DataType>
            <DataFormat/>
            <DecimalPoint>.</DecimalPoint>
            <DivideBy100>N</DivideBy100>
            <AD_Column_ID reference="id">211470</AD_Column_ID>
            <Callout/>
            <ConstantValue/>
            <Script/>
            <AD_ImpFormat_Row_UU>dd6bd7a4-74f6-4aaa-9694-6f1c1461a1b6</AD_ImpFormat_Row_UU>
        </AD_ImpFormat_Row>
        <AD_ImpFormat_Row type="table">
            <AD_ImpFormat_Row_ID>200016</AD_ImpFormat_Row_ID>
            <AD_Client_ID>0</AD_Client_ID>
            <AD_Org_ID>0</AD_Org_ID>
            <AD_ImpFormat_Row_ID>200016</AD_ImpFormat_Row_ID>
            <IsActive>Y</IsActive>
            <Name>Period</Name>
            <AD_ImpFormat_ID reference="id">200001</AD_ImpFormat_ID>
            <SeqNo>90</SeqNo>
            <StartNo>9</StartNo>
            <EndNo>0</EndNo>
            <DataType>S</DataType>
            <DataFormat/>
            <DecimalPoint>.</DecimalPoint>
            <DivideBy100>N</DivideBy100>
            <AD_Column_ID reference="id">211471</AD_Column_ID>
            <Callout/>
            <ConstantValue/>
            <Script/>
            <AD_ImpFormat_Row_UU>0cffcc3a-bfad-4539-abcc-6338c195ee4a</AD_ImpFormat_Row_UU>
        </AD_ImpFormat_Row>
        <AD_ImpFormat_Row type="table">
            <AD_ImpFormat_Row_ID>200017</AD_ImpFormat_Row_ID>
            <AD_Client_ID>0</AD_Client_ID>
            <AD_Org_ID>0</AD_Org_ID>
            <AD_ImpFormat_Row_ID>200017</AD_ImpFormat_Row_ID>
            <IsActive>Y</IsActive>
            <Name>Product</Name>
            <AD_ImpFormat_ID reference="id">200001</AD_ImpFormat_ID>
            <SeqNo>100</SeqNo>
            <StartNo>10</StartNo>
            <EndNo>0</EndNo>
            <DataType>S</DataType>
            <DataFormat/>
            <DecimalPoint>.</DecimalPoint>
            <DivideBy100>N</DivideBy100>
            <AD_Column_ID reference="id">211472</AD_Column_ID>
            <Callout/>
            <ConstantValue/>
            <Script/>
            <AD_ImpFormat_Row_UU>2bb05d74-7f3a-4898-b975-642001c270f4</AD_ImpFormat_Row_UU>
        </AD_ImpFormat_Row>
        <AD_ImpFormat_Row type="table">
            <AD_ImpFormat_Row_ID>200018</AD_ImpFormat_Row_ID>
            <AD_Client_ID>0</AD_Client_ID>
            <AD_Org_ID>0</AD_Org_ID>
            <AD_ImpFormat_Row_ID>200018</AD_ImpFormat_Row_ID>
            <IsActive>Y</IsActive>
            <Name>Qty</Name>
            <AD_ImpFormat_ID reference="id">200001</AD_ImpFormat_ID>
            <SeqNo>110</SeqNo>
            <StartNo>11</StartNo>
            <EndNo>0</EndNo>
            <DataType>N</DataType>
            <DataFormat/>
            <DecimalPoint>.</DecimalPoint>
            <DivideBy100>N</DivideBy100>
            <AD_Column_ID reference="id">211473</AD_Column_ID>
            <Callout/>
            <ConstantValue/>
            <Script/>
            <AD_ImpFormat_Row_UU>c2f711c1-854c-49e7-9901-175676ee25e8</AD_ImpFormat_Row_UU>
        </AD_ImpFormat_Row>
        <AD_ImpFormat_Row type="table">
            <AD_ImpFormat_Row_ID>200019</AD_ImpFormat_Row_ID>
            <AD_Client_ID>0</AD_Client_ID>
            <AD_Org_ID>0</AD_Org_ID>
            <AD_ImpFormat_Row_ID>200019</AD_ImpFormat_Row_ID>
            <IsActive>Y</IsActive>
            <Name>Project</Name>
            <AD_ImpFormat_ID reference="id">200001</AD_ImpFormat_ID>
            <SeqNo>120</SeqNo>
            <StartNo>12</StartNo>
            <EndNo>0</EndNo>
            <DataType>S</DataType>
            <DataFormat/>
            <DecimalPoint>.</DecimalPoint>
            <DivideBy100>N</DivideBy100>
            <AD_Column_ID reference="id">211474</AD_Column_ID>
            <Callout/>
            <ConstantValue/>
            <Script/>
            <AD_ImpFormat_Row_UU>23e5c3b3-db80-46af-bc5c-173fc7b67269</AD_ImpFormat_Row_UU>
        </AD_ImpFormat_Row>
        <AD_ImpFormat_Row type="table">
            <AD_ImpFormat_Row_ID>200020</AD_ImpFormat_Row_ID>
            <AD_Client_ID>0</AD_Client_ID>
            <AD_Org_ID>0</AD_Org_ID>
            <AD_ImpFormat_Row_ID>200020</AD_ImpFormat_Row_ID>
            <IsActive>Y</IsActive>
            <Name>Campaign</Name>
            <AD_ImpFormat_ID reference="id">200001</AD_ImpFormat_ID>
            <SeqNo>130</SeqNo>
            <StartNo>13</StartNo>
            <EndNo>0</EndNo>
            <DataType>S</DataType>
            <DataFormat/>
            <DecimalPoint>.</DecimalPoint>
            <DivideBy100>N</DivideBy100>
            <AD_Column_ID reference="id">211475</AD_Column_ID>
            <Callout/>
            <ConstantValue/>
            <Script/>
            <AD_ImpFormat_Row_UU>5b4254e4-e241-4064-9de4-9b93218e68ae</AD_ImpFormat_Row_UU>
        </AD_ImpFormat_Row>
        <AD_ImpFormat_Row type="table">
            <AD_ImpFormat_Row_ID>200021</AD_ImpFormat_Row_ID>
            <AD_Client_ID>0</AD_Client_ID>
            <AD_Org_ID>0</AD_Org_ID>
            <AD_ImpFormat_Row_ID>200021</AD_ImpFormat_Row_ID>
            <IsActive>Y</IsActive>
            <Name>Activity</Name>
            <AD_ImpFormat_ID reference="id">200001</AD_ImpFormat_ID>
            <SeqNo>140</SeqNo>
            <StartNo>14</StartNo>
            <EndNo>0</EndNo>
            <DataType>S</DataType>
            <DataFormat/>
            <DecimalPoint>.</DecimalPoint>
            <DivideBy100>N</DivideBy100>
            <AD_Column_ID reference="id">211476</AD_Column_ID>
            <Callout/>
            <ConstantValue/>
            <Script/>
            <AD_ImpFormat_Row_UU>9844937e-65f7-4f38-ba76-211a46cdc63e</AD_ImpFormat_Row_UU>
        </AD_ImpFormat_Row>
        <AD_ImpFormat_Row type="table">
            <AD_ImpFormat_Row_ID>200023</AD_ImpFormat_Row_ID>
            <AD_Client_ID>0</AD_Client_ID>
            <AD_Org_ID>0</AD_Org_ID>
            <AD_ImpFormat_Row_ID>200023</AD_ImpFormat_Row_ID>
            <IsActive>Y</IsActive>
            <Name>SubAccount</Name>
            <AD_ImpFormat_ID reference="id">200001</AD_ImpFormat_ID>
            <SeqNo>160</SeqNo>
            <StartNo>16</StartNo>
            <EndNo>0</EndNo>
            <DataType>S</DataType>
            <DataFormat/>
            <DecimalPoint>.</DecimalPoint>
            <DivideBy100>N</DivideBy100>
            <AD_Column_ID reference="id">211478</AD_Column_ID>
            <Callout/>
            <ConstantValue/>
            <Script/>
            <AD_ImpFormat_Row_UU>960a208c-9737-48e1-af12-c7b5f794ca8f</AD_ImpFormat_Row_UU>
        </AD_ImpFormat_Row>
        <AD_ImpFormat_Row type="table">
            <AD_ImpFormat_Row_ID>200026</AD_ImpFormat_Row_ID>
            <AD_Client_ID>0</AD_Client_ID>
            <AD_Org_ID>0</AD_Org_ID>
            <AD_ImpFormat_Row_ID>200026</AD_ImpFormat_Row_ID>
            <IsActive>Y</IsActive>
            <Name>SubAmount</Name>
            <AD_ImpFormat_ID reference="id">200001</AD_ImpFormat_ID>
            <SeqNo>190</SeqNo>
            <StartNo>19</StartNo>
            <EndNo>0</EndNo>
            <DataType>N</DataType>
            <DataFormat/>
            <DecimalPoint>.</DecimalPoint>
            <DivideBy100>N</DivideBy100>
            <AD_Column_ID reference="id">211481</AD_Column_ID>
            <Callout/>
            <ConstantValue/>
            <Script/>
            <AD_ImpFormat_Row_UU>41879af3-1a3b-4133-b950-b39cabe32b14</AD_ImpFormat_Row_UU>
        </AD_ImpFormat_Row>
        <AD_ImpFormat_Row type="table">
            <AD_ImpFormat_Row_ID>200027</AD_ImpFormat_Row_ID>
            <AD_Client_ID>0</AD_Client_ID>
            <AD_Org_ID>0</AD_Org_ID>
            <AD_ImpFormat_Row_ID>200027</AD_ImpFormat_Row_ID>
            <IsActive>Y</IsActive>
            <Name>PeriodFrom</Name>
            <AD_ImpFormat_ID reference="id">200001</AD_ImpFormat_ID>
            <SeqNo>170</SeqNo>
            <StartNo>17</StartNo>
            <EndNo>0</EndNo>
            <DataType>S</DataType>
            <DataFormat/>
            <DecimalPoint>.</DecimalPoint>
            <DivideBy100>N</DivideBy100>
            <AD_Column_ID reference="id">211564</AD_Column_ID>
            <Callout/>
            <ConstantValue/>
            <Script/>
            <AD_ImpFormat_Row_UU>49587907-af63-4d4e-8450-ee5122832a08</AD_ImpFormat_Row_UU>
        </AD_ImpFormat_Row>
        <AD_ImpFormat_Row type="table">
            <AD_ImpFormat_Row_ID>200028</AD_ImpFormat_Row_ID>
            <AD_Client_ID>0</AD_Client_ID>
            <AD_Org_ID>0</AD_Org_ID>
            <AD_ImpFormat_Row_ID>200028</AD_ImpFormat_Row_ID>
            <IsActive>Y</IsActive>
            <Name>PeriodTo</Name>
            <AD_ImpFormat_ID reference="id">200001</AD_ImpFormat_ID>
            <SeqNo>180</SeqNo>
            <StartNo>18</StartNo>
            <EndNo>0</EndNo>
            <DataType>S</DataType>
            <DataFormat/>
            <DecimalPoint>.</DecimalPoint>
            <DivideBy100>N</DivideBy100>
            <AD_Column_ID reference="id">211565</AD_Column_ID>
            <Callout/>
            <ConstantValue/>
            <Script/>
            <AD_ImpFormat_Row_UU>fe367b6c-f3cd-4fcf-9cc2-34da34ba759c</AD_ImpFormat_Row_UU>
        </AD_ImpFormat_Row>
    </AD_ImpFormat>
</idempiere>
